"region","departement","code_commune_INSEE","commune","nb_redevables","patrimoine_moyen","impot_moyen"
"ALSACE","BAS-RHIN  ","67 180","HAGUENAU  ",225,1601216,"5288.87"
"ALSACE","BAS-RHIN  ","67 218","ILLKIRCH-GRAFFENSTADEN",192,1318253,"2243.36"
"ALSACE","BAS-RHIN  ","67 447","SCHILTIGHEIM  ",129,1543677,"3923.59"
"ALSACE","BAS-RHIN  ","67 482","STRASBOURG",2625,1838304,"6596.31"
"ALSACE","HAUT-RHIN ","68 066","COLMAR",436,1581189,"4490.99"
"ALSACE","HAUT-RHIN ","68 224","MULHOUSE  ",551,1680184,"5000.26"
"ALSACE","HAUT-RHIN ","68 297","SAINT-LOUIS   ",98,1599268,"4705.28"
"AQUITAINE ","DORDOGNE  ","24 037","BERGERAC  ",199,1430179,"3495.08"
"AQUITAINE ","DORDOGNE  ","24 322","PERIGUEUX ",210,1605537,"6142.17"
"AQUITAINE ","GIRONDE   ","33 039","BEGLES",77,1384439,"3138.97"
"AQUITAINE ","GIRONDE   ","33 063","BORDEAUX  ",3434,1667444,"5416.83"
"AQUITAINE ","GIRONDE   ","33 192","GRADIGNAN ",233,1437001,"4273.27"
"AQUITAINE ","GIRONDE   ","33 529","LA TESTE-DE-BUCH  ",384,1486431,"3986.49"
"AQUITAINE ","GIRONDE   ","33 069","LE BOUSCAT",486,2044199,"8755.28"
"AQUITAINE ","GIRONDE   ","33 243","LIBOURNE  ",218,1634528,"5116.85"
"AQUITAINE ","GIRONDE   ","33 281","MERIGNAC  ",486,1401971,"3145.51"
"AQUITAINE ","GIRONDE   ","33 318","PESSAC",422,1440228,4142
"AQUITAINE ","GIRONDE   ","33 449","SAINT-MEDARD-EN-JALLES",189,1384940,"3122.24"
"AQUITAINE ","GIRONDE   ","33 522","TALENCE   ",295,1374940,"2911.41"
"AQUITAINE ","GIRONDE   ","33 550","VILLENAVE-D'ORNON ",137,1896527,"7564.48"
"AQUITAINE ","LANDES","40 088","DAX   ",207,1627975,"5492.82"
"AQUITAINE ","LANDES","40 192","MONT-DE-MARSAN",160,1428270,"3425.53"
"AQUITAINE ","LOT-ET-GARONNE","47 001","AGEN  ",202,1571790,"4941.78"
"AQUITAINE ","LOT-ET-GARONNE","47 323","VILLENEUVE-SUR-LOT",158,1410958,"3279.65"
"AQUITAINE ","PYRENEES-ATLANTIQUES  ","64 024","ANGLET",666,1464414,"4010.93"
"AQUITAINE ","PYRENEES-ATLANTIQUES  ","64 102","BAYONNE   ",397,1566606,"4746.23"
"AQUITAINE ","PYRENEES-ATLANTIQUES  ","64 122","BIARRITZ  ",815,1534830,"4610.61"
"AQUITAINE ","PYRENEES-ATLANTIQUES  ","64 445","PAU   ",813,1427079,"3798.38"
"AUVERGNE  ","ALLIER","03 185","MONTLUCON ",232,1580665,"4535.56"
"AUVERGNE  ","ALLIER","03 190","MOULINS   ",125,1476010,"3437.99"
"AUVERGNE  ","ALLIER","03 310","VICHY ",325,1423028,"3993.49"
"AUVERGNE  ","CANTAL","15 014","AURILLAC  ",211,1490386,"4314.37"
"AUVERGNE  ","HAUTE-LOIRE   ","43 157","LE PUY-EN-VELAY   ",115,1553252,"4295.59"
"AUVERGNE  ","PUY-DE-DOME   ","63 113","CLERMONT-FERRAND  ",842,1535436,"4934.06"
"BASSE-NORMANDIE   ","CALVADOS  ","14 118","CAEN  ",1055,1616683,"5112.24"
"BASSE-NORMANDIE   ","CALVADOS  ","14 366","LISIEUX   ",119,1471471,"4062.3"
"BASSE-NORMANDIE   ","MANCHE","50 129","CHERBOURG-OCTEVILLE   ",221,1462335,"3276.01"
"BASSE-NORMANDIE   ","MANCHE","50 502","SAINT-LO  ",107,1434772,"3667.95"
"BASSE-NORMANDIE   ","ORNE  ","61 001","ALENCON   ",149,1531472,"4027.06"
"BOURGOGNE ","COTE-D'OR ","21 054","BEAUNE",237,1569816,"3923.11"
"BOURGOGNE ","COTE-D'OR ","21 231","DIJON ",1290,1577565,"5062.54"
"BOURGOGNE ","NIEVRE","58 194","NEVERS",218,1560105,"5445.5"
"BOURGOGNE ","SAONE-ET-LOIRE","71 076","CHALON-SUR-SAONE  ",277,1458286,"3898.47"
"BOURGOGNE ","SAONE-ET-LOIRE","71 153","LE CREUSOT",82,1337818,"3128.38"
"BOURGOGNE ","SAONE-ET-LOIRE","71 270","MACON ",208,1658105,"7137.92"
"BOURGOGNE ","SAONE-ET-LOIRE","71 306","MONTCEAU-LES-MINES",53,1358460,3608
"BOURGOGNE ","YONNE ","89 024","AUXERRE   ",262,1425504,"3327.29"
"BOURGOGNE ","YONNE ","89 387","SENS  ",190,1668679,"6139.69"
"BRETAGNE  ","COTES-D'ARMOR ","22 113","LANNION   ",164,1293238,"2784.02"
"BRETAGNE  ","COTES-D'ARMOR ","22 278","SAINT-BRIEUC  ",358,1500405,"3734.57"
"BRETAGNE  ","FINISTERE ","29 019","BREST ",524,1729003,"5311.06"
"BRETAGNE  ","FINISTERE ","29 039","CONCARNEAU",188,1646354,"5057.41"
"BRETAGNE  ","FINISTERE ","29 232","QUIMPER   ",447,1564782,"4236.81"
"BRETAGNE  ","ILLE-ET-VILAINE   ","35 115","FOUGERES  ",132,1464210,"3781.04"
"BRETAGNE  ","ILLE-ET-VILAINE   ","35 238","RENNES",2152,1690550,"5624.03"
"BRETAGNE  ","ILLE-ET-VILAINE   ","35 288","SAINT-MALO",740,1478798,"3887.93"
"BRETAGNE  ","MORBIHAN  ","56 121","LORIENT   ",291,1456145,"3383.81"
"BRETAGNE  ","MORBIHAN  ","56 260","VANNES",843,1496825,"3875.47"
"CENTRE","CHER  ","18 033","BOURGES   ",434,1665100,"5748.44"
"CENTRE","CHER  ","18 279","VIERZON   ",115,1429152,"4272.02"
"CENTRE","EURE-ET-LOIR  ","28 085","CHARTRES  ",476,1525929,"4457.99"
"CENTRE","EURE-ET-LOIR  ","28 134","DREUX ",128,1643486,"5381.69"
"CENTRE","INDRE ","36 044","CHATEAUROUX   ",242,1794322,"7432.15"
"CENTRE","INDRE-ET-LOIRE","37 122","JOUE-LES-TOURS",162,1484591,"3653.96"
"CENTRE","INDRE-ET-LOIRE","37 261","TOURS ",1201,1516153,"4300.34"
"CENTRE","LOIR-ET-CHER  ","41 018","BLOIS ",305,1457265,"4096.57"
"CENTRE","LOIRET","45 147","FLEURY-LES-AUBRAIS",56,1388207,"3218.23"
"CENTRE","LOIRET","45 232","OLIVET",348,1440571,"3553.43"
"CENTRE","LOIRET","45 234","ORLEANS   ",1058,1498831,"4170.79"
"CHAMPAGNE-ARDENNE ","ARDENNES  ","08 105","CHARLEVILLE-MEZIERES  ",231,1452575,"3921.14"
"CHAMPAGNE-ARDENNE ","AUBE  ","10 387","TROYES",375,1640847,"5239.7"
"CHAMPAGNE-ARDENNE ","HAUTE-MARNE   ","52 121","CHAUMONT  ",95,1531496,"4729.93"
"CHAMPAGNE-ARDENNE ","HAUTE-MARNE   ","52 448","SAINT-DIZIER  ",87,2152899,"8364.36"
"CHAMPAGNE-ARDENNE ","MARNE ","51 108","CHALONS-EN-CHAMPAGNE  ",217,1550958,"4047.34"
"CHAMPAGNE-ARDENNE ","MARNE ","51 230","EPERNAY   ",175,1791918,"7122.77"
"CHAMPAGNE-ARDENNE ","MARNE ","51 454","REIMS ",1201,1724757,"5691.19"
"CORSE ","CORSE-DU-SUD  ","2A 004","AJACCIO   ",297,1813666,"7130.95"
"CORSE ","HAUTE-CORSE   ","2B 033","BASTIA",134,1753368,"6491.42"
"FRANCHE-COMTE ","DOUBS ","25 056","BESANCON  ",697,1606235,"4839.88"
"FRANCHE-COMTE ","DOUBS ","25 388","MONTBELIARD   ",127,1379368,"3439.57"
"FRANCHE-COMTE ","JURA  ","39 198","DOLE  ",126,1412815,"3260.83"
"FRANCHE-COMTE ","TERRITOIRE DE BELFORT ","90 010","BELFORT   ",204,1570734,"4738.49"
"GUADELOUPE","GUADELOUPE","97113 ","LE GOSIER ",98,1885620,"7378.52"
"GUYANE","GUYANE","97302 ","CAYENNE   ",60,2495190,"15043.9"
"HAUTE-NORMANDIE   ","EURE  ","27 229","EVREUX",290,1506603,"3945.46"
"HAUTE-NORMANDIE   ","EURE  ","27 681","VERNON",180,1514990,"4148.37"
"HAUTE-NORMANDIE   ","SEINE-MARITIME","76 217","DIEPPE",190,1444334,"3629.74"
"HAUTE-NORMANDIE   ","SEINE-MARITIME","76 351","LE HAVRE  ",729,1484125,"4226.81"
"HAUTE-NORMANDIE   ","SEINE-MARITIME","76 451","MONT-SAINT-AIGNAN ",516,1740673,"7256.51"
"HAUTE-NORMANDIE   ","SEINE-MARITIME","76 540","ROUEN ",889,1563781,"4874.42"
"HAUTE-NORMANDIE   ","SEINE-MARITIME","76 681","SOTTEVILLE-LES-ROUEN  ",60,1324226,"2443.1"
"ILE-DE-FRANCE ","ESSONNE   ","91 027","ATHIS-MONS",140,1425622,"4117.44"
"ILE-DE-FRANCE ","ESSONNE   ","91 103","BRETIGNY-SUR-ORGE ",112,1309435,"2695.74"
"ILE-DE-FRANCE ","ESSONNE   ","91 114","BRUNOY",325,1445453,"3712.71"
"ILE-DE-FRANCE ","ESSONNE   ","91 174","CORBEIL-ESSONNES  ",131,1439541,"3712.8"
"ILE-DE-FRANCE ","ESSONNE   ","91 201","DRAVEIL   ",238,1546500,"4792.96"
"ILE-DE-FRANCE ","ESSONNE   ","91 223","ETAMPES   ",118,1597900,"4915.9"
"ILE-DE-FRANCE ","ESSONNE   ","91 228","EVRY  ",67,1331925,"2528.67"
"ILE-DE-FRANCE ","ESSONNE   ","91 272","GIF-SUR-YVETTE",691,1438342,"3661.33"
"ILE-DE-FRANCE ","ESSONNE   ","91 345","LONGJUMEAU",98,1442013,"3251.86"
"ILE-DE-FRANCE ","ESSONNE   ","91 377","MASSY ",198,1260468,"2519.71"
"ILE-DE-FRANCE ","ESSONNE   ","91 421","MONTGERON ",294,1416638,"3565.35"
"ILE-DE-FRANCE ","ESSONNE   ","91 434","MORSANG-SUR-ORGE  ",143,1527515,"4916.99"
"ILE-DE-FRANCE ","ESSONNE   ","91 477","PALAISEAU ",404,1766545,"6742.79"
"ILE-DE-FRANCE ","ESSONNE   ","91 521","RIS-ORANGIS   ",101,1506586,"4908.89"
"ILE-DE-FRANCE ","ESSONNE   ","91 570","SAINT-MICHEL-SUR-ORGE ",104,1283549,"2939.5"
"ILE-DE-FRANCE ","ESSONNE   ","91 549","SAINTE-GENEVIEVE-DES-BOIS ",246,1466029,"4337.26"
"ILE-DE-FRANCE ","ESSONNE   ","91 589","SAVIGNY-SUR-ORGE  ",307,1277281,"2743.21"
"ILE-DE-FRANCE ","ESSONNE   ","91 657","VIGNEUX-SUR-SEINE ",72,1230559,"2435.42"
"ILE-DE-FRANCE ","ESSONNE   ","91 687","VIRY-CHATILLON",121,1286530,"2714.64"
"ILE-DE-FRANCE ","ESSONNE   ","91 691","YERRES",255,1353543,"2830.44"
"ILE-DE-FRANCE ","HAUTS-DE-SEINE","92 002","ANTONY",1430,1385698,"3214.11"
"ILE-DE-FRANCE ","HAUTS-DE-SEINE","92 004","ASNIERES-SUR-SEINE",1267,1549380,"4645.29"
"ILE-DE-FRANCE ","HAUTS-DE-SEINE","92 007","BAGNEUX   ",142,1363983,"3390.3"
"ILE-DE-FRANCE ","HAUTS-DE-SEINE","92 009","BOIS-COLOMBES ",512,1416954,"3555.26"
"ILE-DE-FRANCE ","HAUTS-DE-SEINE","92 012","BOULOGNE-BILLANCOURT  ",5083,1871664,"7096.56"
"ILE-DE-FRANCE ","HAUTS-DE-SEINE","92 019","CHATENAY-MALABRY  ",526,1503305,"4679.15"
"ILE-DE-FRANCE ","HAUTS-DE-SEINE","92 020","CHATILLON ",384,1423432,"3628.19"
"ILE-DE-FRANCE ","HAUTS-DE-SEINE","92 023","CLAMART   ",1141,1463857,"3868.35"
"ILE-DE-FRANCE ","HAUTS-DE-SEINE","92 024","CLICHY",230,1402774,"3502.43"
"ILE-DE-FRANCE ","HAUTS-DE-SEINE","92 025","COLOMBES  ",722,1497589,"3895.6"
"ILE-DE-FRANCE ","HAUTS-DE-SEINE","92 026","COURBEVOIE",1711,1443843,"3659.95"
"ILE-DE-FRANCE ","HAUTS-DE-SEINE","92 032","FONTENAY-AUX-ROSES",493,1352722,"2885.83"
"ILE-DE-FRANCE ","HAUTS-DE-SEINE","92 040","ISSY-LES-MOULINEAUX   ",1203,1508122,"3905.05"
"ILE-DE-FRANCE ","HAUTS-DE-SEINE","92 035","LA GARENNE-COLOMBES   ",519,1420952,"3417.76"
"ILE-DE-FRANCE ","HAUTS-DE-SEINE","92 060","LE PLESSIS-ROBINSON   ",306,1375072,"2991.75"
"ILE-DE-FRANCE ","HAUTS-DE-SEINE","92 044","LEVALLOIS-PERRET  ",1694,1688406,"4911.02"
"ILE-DE-FRANCE ","HAUTS-DE-SEINE","92 046","MALAKOFF  ",228,1670582,"7149.4"
"ILE-DE-FRANCE ","HAUTS-DE-SEINE","92 048","MEUDON",1621,1602743,"4517.27"
"ILE-DE-FRANCE ","HAUTS-DE-SEINE","92 049","MONTROUGE ",626,1610527,"6377.58"
"ILE-DE-FRANCE ","HAUTS-DE-SEINE","92 050","NANTERRE  ",449,1338823,"2775.49"
"ILE-DE-FRANCE ","HAUTS-DE-SEINE","92 051","NEUILLY-SUR-SEINE ",7442,3180555,"21439.32"
"ILE-DE-FRANCE ","HAUTS-DE-SEINE","92 062","PUTEAUX   ",522,1489211,"3820.16"
"ILE-DE-FRANCE ","HAUTS-DE-SEINE","92 063","RUEIL-MALMAISON   ",2409,1589917,"4660.57"
"ILE-DE-FRANCE ","HAUTS-DE-SEINE","92 064","SAINT-CLOUD   ",2024,2174346,"9877.64"
"ILE-DE-FRANCE ","HAUTS-DE-SEINE","92 072","SEVRES",937,1655694,"4493.07"
"ILE-DE-FRANCE ","HAUTS-DE-SEINE","92 073","SURESNES  ",882,1616253,"4397.11"
"ILE-DE-FRANCE ","HAUTS-DE-SEINE","92 075","VANVES",525,1493844,"3833.39"
"ILE-DE-FRANCE ","PARIS ","75 101","PARIS ",952,2288274,"11168.67"
"ILE-DE-FRANCE ","PARIS ","75 102","PARIS ",580,1729238,"4790.94"
"ILE-DE-FRANCE ","PARIS ","75 103","PARIS ",1374,1883057,"6656.23"
"ILE-DE-FRANCE ","PARIS ","75 104","PARIS ",1567,2377677,"11567.25"
"ILE-DE-FRANCE ","PARIS ","75 105","PARIS ",3579,1945239,"7633.35"
"ILE-DE-FRANCE ","PARIS ","75 106","PARIS ",4802,2665758,"13920.49"
"ILE-DE-FRANCE ","PARIS ","75 107","PARIS ",7090,3310173,"20958.28"
"ILE-DE-FRANCE ","PARIS ","75 108","PARIS ",4039,2812032,"15263.5"
"ILE-DE-FRANCE ","PARIS ","75 109","PARIS ",2343,1806306,"6239.15"
"ILE-DE-FRANCE ","PARIS ","75 110","PARIS ",1325,1577029,"4615.58"
"ILE-DE-FRANCE ","PARIS ","75 111","PARIS ",2923,1584543,"4999.6"
"ILE-DE-FRANCE ","PARIS ","75 112","PARIS ",3453,1585314,4887
"ILE-DE-FRANCE ","PARIS ","75 113","PARIS ",3158,1568969,"4760.14"
"ILE-DE-FRANCE ","PARIS ","75 114","PARIS ",4794,1755652,"6151.77"
"ILE-DE-FRANCE ","PARIS ","75 115","PARIS ",9543,1700128,"5629.22"
"ILE-DE-FRANCE ","PARIS ","75 116","PARIS ",18574,2777748,"15552.39"
"ILE-DE-FRANCE ","PARIS ","75 117","PARIS ",8144,2130124,"8876.38"
"ILE-DE-FRANCE ","PARIS ","75 118","PARIS ",2116,1760570,"6516.16"
"ILE-DE-FRANCE ","PARIS ","75 119","PARIS ",1681,1569489,"4648.46"
"ILE-DE-FRANCE ","PARIS ","75 120","PARIS ",1827,1455881,"3917.5"
"ILE-DE-FRANCE ","SEINE-ET-MARNE","77 083","CHAMPS-SUR-MARNE  ",81,1302316,"2703.65"
"ILE-DE-FRANCE ","SEINE-ET-MARNE","77 108","CHELLES   ",262,1349999,"3277.2"
"ILE-DE-FRANCE ","SEINE-ET-MARNE","77 122","COMBS-LA-VILLE",87,1431919,"3812.46"
"ILE-DE-FRANCE ","SEINE-ET-MARNE","77 152","DAMMARIE-LES-LYS  ",94,1418893,"2940.79"
"ILE-DE-FRANCE ","SEINE-ET-MARNE","77 243","LAGNY-SUR-MARNE   ",185,1671625,"5845.15"
"ILE-DE-FRANCE ","SEINE-ET-MARNE","77 285","LE MEE-SUR-SEINE  ",55,1840467,"5794.02"
"ILE-DE-FRANCE ","SEINE-ET-MARNE","77 284","MEAUX ",242,1578994,"4552.32"
"ILE-DE-FRANCE ","SEINE-ET-MARNE","77 288","MELUN ",207,1607180,"5002.25"
"ILE-DE-FRANCE ","SEINE-ET-MARNE","77 350","OZOIR-LA-FERRIERE ",128,1597656,"6016.64"
"ILE-DE-FRANCE ","SEINE-ET-MARNE","77 373","PONTAULT-COMBAULT ",169,1335691,"3444.56"
"ILE-DE-FRANCE ","SEINE-ET-MARNE","77 514","VILLEPARISIS  ",60,1270396,"2418.83"
"ILE-DE-FRANCE ","SEINE-SAINT-DENIS ","93 001","AUBERVILLIERS ",94,1595730,"5483.06"
"ILE-DE-FRANCE ","SEINE-SAINT-DENIS ","93 005","AULNAY-SOUS-BOIS  ",332,1415243,"3831.54"
"ILE-DE-FRANCE ","SEINE-SAINT-DENIS ","93 006","BAGNOLET  ",80,1397412,"3083.71"
"ILE-DE-FRANCE ","SEINE-SAINT-DENIS ","93 010","BONDY ",88,1424081,"3706.18"
"ILE-DE-FRANCE ","SEINE-SAINT-DENIS ","93 029","DRANCY",155,1461371,"3779.23"
"ILE-DE-FRANCE ","SEINE-SAINT-DENIS ","93 031","EPINAY-SUR-SEINE  ",96,1397695,"3228.82"
"ILE-DE-FRANCE ","SEINE-SAINT-DENIS ","93 032","GAGNY ",241,1339299,"3076.79"
"ILE-DE-FRANCE ","SEINE-SAINT-DENIS ","93 007","LE BLANC-MESNIL   ",121,1349020,"3273.74"
"ILE-DE-FRANCE ","SEINE-SAINT-DENIS ","93 045","LES LILAS ",184,1683504,"6174.8"
"ILE-DE-FRANCE ","SEINE-SAINT-DENIS ","93 057","LES PAVILLONS-SOUS-BOIS   ",148,1445667,"3691.73"
"ILE-DE-FRANCE ","SEINE-SAINT-DENIS ","93 046","LIVRY-GARGAN  ",205,1384756,"3676.15"
"ILE-DE-FRANCE ","SEINE-SAINT-DENIS ","93 047","MONTFERMEIL   ",111,1378548,"3192.48"
"ILE-DE-FRANCE ","SEINE-SAINT-DENIS ","93 048","MONTREUIL ",382,1449164,"3790.55"
"ILE-DE-FRANCE ","SEINE-SAINT-DENIS ","93 049","NEUILLY-PLAISANCE ",153,1329263,"2750.29"
"ILE-DE-FRANCE ","SEINE-SAINT-DENIS ","93 050","NEUILLY-SUR-MARNE ",52,1533084,"4581.83"
"ILE-DE-FRANCE ","SEINE-SAINT-DENIS ","93 051","NOISY-LE-GRAND",309,1416949,"3686.22"
"ILE-DE-FRANCE ","SEINE-SAINT-DENIS ","93 053","NOISY-LE-SEC  ",133,1422319,"3706.49"
"ILE-DE-FRANCE ","SEINE-SAINT-DENIS ","93 055","PANTIN",162,1384082,"3410.46"
"ILE-DE-FRANCE ","SEINE-SAINT-DENIS ","93 063","ROMAINVILLE   ",67,1361469,"2725.25"
"ILE-DE-FRANCE ","SEINE-SAINT-DENIS ","93 064","ROSNY-SOUS-BOIS   ",212,1370182,"3374.12"
"ILE-DE-FRANCE ","SEINE-SAINT-DENIS ","93 066","SAINT-DENIS   ",101,1455987,"3819.1"
"ILE-DE-FRANCE ","SEINE-SAINT-DENIS ","93 070","SAINT-OUEN",94,1471770,"4092.89"
"ILE-DE-FRANCE ","SEINE-SAINT-DENIS ","93 071","SEVRAN",61,1279008,"3168.26"
"ILE-DE-FRANCE ","SEINE-SAINT-DENIS ","93 073","TREMBLAY-EN-FRANCE",84,1353318,"3680.02"
"ILE-DE-FRANCE ","SEINE-SAINT-DENIS ","93 077","VILLEMOMBLE   ",320,1566331,"4577.65"
"ILE-DE-FRANCE ","SEINE-SAINT-DENIS ","93 078","VILLEPINTE",54,1485809,"4180.17"
"ILE-DE-FRANCE ","VAL-D'OISE","95 018","ARGENTEUIL",295,1623530,"6107.62"
"ILE-DE-FRANCE ","VAL-D'OISE","95 127","CERGY ",156,1278654,"2297.5"
"ILE-DE-FRANCE ","VAL-D'OISE","95 176","CORMEILLES-EN-PARISIS ",235,1397217,"3587.22"
"ILE-DE-FRANCE ","VAL-D'OISE","95 197","DEUIL-LA-BARRE",215,1390526,"3391.9"
"ILE-DE-FRANCE ","VAL-D'OISE","95 203","EAUBONNE  ",281,1337503,3030
"ILE-DE-FRANCE ","VAL-D'OISE","95 219","ERMONT",219,1285463,"2767.43"
"ILE-DE-FRANCE ","VAL-D'OISE","95 252","FRANCONVILLE  ",127,1419630,"4984.2"
"ILE-DE-FRANCE ","VAL-D'OISE","95 306","HERBLAY   ",183,1451413,"4052.26"
"ILE-DE-FRANCE ","VAL-D'OISE","95 428","MONTMORENCY   ",557,1618994,"5165.5"
"ILE-DE-FRANCE ","VAL-D'OISE","95 500","PONTOISE  ",199,1513504,"4358.39"
"ILE-DE-FRANCE ","VAL-D'OISE","95 555","SAINT-GRATIEN ",227,1543314,"4418.57"
"ILE-DE-FRANCE ","VAL-D'OISE","95 582","SANNOIS   ",144,1461313,"3901.9"
"ILE-DE-FRANCE ","VAL-D'OISE","95 585","SARCELLES ",81,1327890,"2604.9"
"ILE-DE-FRANCE ","VAL-D'OISE","95 607","TAVERNY   ",188,1350753,"3123.83"
"ILE-DE-FRANCE ","VAL-DE-MARNE  ","94 002","ALFORTVILLE   ",121,1424925,"3373.76"
"ILE-DE-FRANCE ","VAL-DE-MARNE  ","94 016","CACHAN",234,1441774,"3587.73"
"ILE-DE-FRANCE ","VAL-DE-MARNE  ","94 017","CHAMPIGNY-SUR-MARNE   ",335,1459769,"4080.78"
"ILE-DE-FRANCE ","VAL-DE-MARNE  ","94 018","CHARENTON-LE-PONT ",658,1543828,"4319.96"
"ILE-DE-FRANCE ","VAL-DE-MARNE  ","94 022","CHOISY-LE-ROI ",172,1507976,"4871.49"
"ILE-DE-FRANCE ","VAL-DE-MARNE  ","94 028","CRETEIL   ",441,1438528,"3567.05"
"ILE-DE-FRANCE ","VAL-DE-MARNE  ","94 033","FONTENAY-SOUS-BOIS",876,1729115,"5735.83"
"ILE-DE-FRANCE ","VAL-DE-MARNE  ","94 034","FRESNES   ",108,1389167,"3494.19"
"ILE-DE-FRANCE ","VAL-DE-MARNE  ","94 041","IVRY-SUR-SEINE",200,1706949,"6586.39"
"ILE-DE-FRANCE ","VAL-DE-MARNE  ","94 038","L'HAY-LES-ROSES   ",410,1398490,"3507.51"
"ILE-DE-FRANCE ","VAL-DE-MARNE  ","94 043","LE KREMLIN-BICETRE",125,1352736,"3403.33"
"ILE-DE-FRANCE ","VAL-DE-MARNE  ","94 058","LE PERREUX-SUR-MARNE  ",727,1518919,"4129.81"
"ILE-DE-FRANCE ","VAL-DE-MARNE  ","94 046","MAISONS-ALFORT",477,1450411,"3800.62"
"ILE-DE-FRANCE ","VAL-DE-MARNE  ","94 052","NOGENT-SUR-MARNE  ",1156,1713806,"5732.68"
"ILE-DE-FRANCE ","VAL-DE-MARNE  ","94 054","ORLY  ",67,1312350,"2846.51"
"ILE-DE-FRANCE ","VAL-DE-MARNE  ","94 067","SAINT-MANDE   ",1163,1837790,"6934.66"
"ILE-DE-FRANCE ","VAL-DE-MARNE  ","94 068","SAINT-MAUR-DES-FOSSES ",2570,1687078,"5795.6"
"ILE-DE-FRANCE ","VAL-DE-MARNE  ","94 071","SUCY-EN-BRIE  ",393,1363227,"3123.21"
"ILE-DE-FRANCE ","VAL-DE-MARNE  ","94 073","THIAIS",246,1497044,"4325.84"
"ILE-DE-FRANCE ","VAL-DE-MARNE  ","94 076","VILLEJUIF ",208,1400052,"3760.9"
"ILE-DE-FRANCE ","VAL-DE-MARNE  ","94 078","VILLENEUVE-SAINT-GEORGES  ",53,1406913,"3698.92"
"ILE-DE-FRANCE ","VAL-DE-MARNE  ","94 079","VILLIERS-SUR-MARNE",157,1428506,"4181.05"
"ILE-DE-FRANCE ","VAL-DE-MARNE  ","94 080","VINCENNES ",1468,1549004,"4276.65"
"ILE-DE-FRANCE ","VAL-DE-MARNE  ","94 081","VITRY-SUR-SEINE   ",260,1343089,"2804.37"
"ILE-DE-FRANCE ","YVELINES  ","78 005","ACHERES   ",66,1334045,"3121.94"
"ILE-DE-FRANCE ","YVELINES  ","78 146","CHATOU",1077,1708706,"5933.12"
"ILE-DE-FRANCE ","YVELINES  ","78 172","CONFLANS-SAINTE-HONORINE  ",225,1340353,"3375.67"
"ILE-DE-FRANCE ","YVELINES  ","78 208","ELANCOURT ",145,1232432,"2309.8"
"ILE-DE-FRANCE ","YVELINES  ","78 297","GUYANCOURT",129,1260315,"2379.71"
"ILE-DE-FRANCE ","YVELINES  ","78 311","HOUILLES  ",307,1300247,"2523.51"
"ILE-DE-FRANCE ","YVELINES  ","78 126","LA CELLE-SAINT-CLOUD  ",872,1767967,"6090.73"
"ILE-DE-FRANCE ","YVELINES  ","78 158","LE CHESNAY",1274,1573981,"5166.7"
"ILE-DE-FRANCE ","YVELINES  ","78 440","LES MUREAUX   ",53,1292187,"2838.13"
"ILE-DE-FRANCE ","YVELINES  ","78 358","MAISONS-LAFFITTE  ",1006,1586071,"4469.34"
"ILE-DE-FRANCE ","YVELINES  ","78 361","MANTES-LA-JOLIE   ",173,1639828,"5428.48"
"ILE-DE-FRANCE ","YVELINES  ","78 423","MONTIGNY-LE-BRETONNEUX",228,1276998,"2972.71"
"ILE-DE-FRANCE ","YVELINES  ","78 490","PLAISIR   ",250,1366056,"2990.77"
"ILE-DE-FRANCE ","YVELINES  ","78 498","POISSY",296,1383531,"3426.81"
"ILE-DE-FRANCE ","YVELINES  ","78 517","RAMBOUILLET   ",412,1484499,"4200.53"
"ILE-DE-FRANCE ","YVELINES  ","78 551","SAINT-GERMAIN-EN-LAYE ",1830,1763949,"5815.91"
"ILE-DE-FRANCE ","YVELINES  ","78 586","SARTROUVILLE  ",314,1373956,"3308.89"
"ILE-DE-FRANCE ","YVELINES  ","78 640","VELIZY-VILLACOUBLAY   ",259,1233481,"2436.71"
"ILE-DE-FRANCE ","YVELINES  ","78 646","VERSAILLES",4283,1688687,"5637.38"
"LA REUNION","LA REUNION","97408 ","LA POSSESSION ",104,1581629,"3746.03"
"LA REUNION","LA REUNION","97422 ","LE TAMPON ",193,1660289,"4970.47"
"LA REUNION","LA REUNION","97409 ","SAINT-ANDRE   ",85,1490443,"3469.2"
"LA REUNION","LA REUNION","97410 ","SAINT-BENOIT  ",53,1626088,"5082.17"
"LA REUNION","LA REUNION","97411 ","SAINT-DENIS   ",785,1596915,"4001.79"
"LA REUNION","LA REUNION","97414 ","SAINT-LOUIS   ",55,1646495,"4953.04"
"LA REUNION","LA REUNION","97415 ","SAINT-PAUL",391,1594032,"3945.78"
"LA REUNION","LA REUNION","97416 ","SAINT-PIERRE  ",205,1711242,"5494.36"
"LA REUNION","LA REUNION","97418 ","SAINTE-MARIE  ",107,1569602,"4399.47"
"LANGUEDOC-ROUSSILLON  ","AUDE  ","11 069","CARCASSONNE   ",263,1493724,"3985.31"
"LANGUEDOC-ROUSSILLON  ","AUDE  ","11 262","NARBONNE  ",327,1483530,"3693.6"
"LANGUEDOC-ROUSSILLON  ","GARD  ","30 007","ALES  ",240,1369921,"3161.74"
"LANGUEDOC-ROUSSILLON  ","GARD  ","30 189","NIMES ",1189,1552429,"4382.78"
"LANGUEDOC-ROUSSILLON  ","HERAULT   ","34 003","AGDE  ",268,1486818,"4083.31"
"LANGUEDOC-ROUSSILLON  ","HERAULT   ","34 032","BEZIERS   ",484,1620184,"4896.84"
"LANGUEDOC-ROUSSILLON  ","HERAULT   ","34 108","FRONTIGNAN",91,1343763,"3176.21"
"LANGUEDOC-ROUSSILLON  ","HERAULT   ","34 145","LUNEL ",97,1380999,"2873.96"
"LANGUEDOC-ROUSSILLON  ","HERAULT   ","34 172","MONTPELLIER   ",1836,1522793,"4272.44"
"LANGUEDOC-ROUSSILLON  ","HERAULT   ","34 301","SETE  ",337,1646821,"5078.37"
"LANGUEDOC-ROUSSILLON  ","PYRENEES-ORIENTALES   ","66 136","PERPIGNAN ",823,1572552,"4616.36"
"LIMOUSIN  ","CORREZE   ","19 031","BRIVE-LA-GAILLARDE",422,1649548,"5273.39"
"LIMOUSIN  ","HAUTE-VIENNE  ","87 085","LIMOGES   ",952,1710809,"6221.82"
"LORRAINE  ","MEURTHE-ET-MOSELLE","54 329","LUNEVILLE ",91,1563416,"3847.4"
"LORRAINE  ","MEURTHE-ET-MOSELLE","54 395","NANCY ",1112,1638505,"5439.27"
"LORRAINE  ","MEURTHE-ET-MOSELLE","54 547","VANDOEUVRE-LES-NANCY  ",136,1301880,"2628.51"
"LORRAINE  ","MEUSE ","55 545","VERDUN",73,1618497,"4767.93"
"LORRAINE  ","MOSELLE   ","57 227","FORBACH   ",66,1621513,"4921.58"
"LORRAINE  ","MOSELLE   ","57 463","METZ  ",737,1668985,"5592.46"
"LORRAINE  ","MOSELLE   ","57 480","MONTIGNY-LES-METZ ",197,1537893,"4742.88"
"LORRAINE  ","MOSELLE   ","57 631","SARREGUEMINES ",117,1750715,"4430.44"
"LORRAINE  ","MOSELLE   ","57 672","THIONVILLE",334,1746409,"5491.34"
"LORRAINE  ","VOSGES","88 160","EPINAL",228,1750783,"6621.77"
"LORRAINE  ","VOSGES","88 413","SAINT-DIE-DES-VOSGES  ",106,1557139,"4037.55"
"MARTINIQUE","MARTINIQUE","97209 ","FORT-DE-FRANCE",132,2227073,"8814.08"
"MARTINIQUE","MARTINIQUE","97229 ","SCHOELCHER",71,2029619,"10343.59"
"MIDI-PYRENEES ","AVEYRON   ","12 145","MILLAU",137,1416638,"3332.14"
"MIDI-PYRENEES ","AVEYRON   ","12 202","RODEZ ",238,1554927,"4681.34"
"MIDI-PYRENEES ","GERS  ","32 013","AUCH  ",165,1439448,"4179.36"
"MIDI-PYRENEES ","HAUTE-GARONNE ","31 069","BLAGNAC   ",165,1425351,"3597.92"
"MIDI-PYRENEES ","HAUTE-GARONNE ","31 149","COLOMIERS ",169,1428867,"3362.76"
"MIDI-PYRENEES ","HAUTE-GARONNE ","31 395","MURET ",174,1365365,"3358.88"
"MIDI-PYRENEES ","HAUTE-GARONNE ","31 555","TOULOUSE  ",4283,1592875,"5200.66"
"MIDI-PYRENEES ","HAUTE-GARONNE ","31 557","TOURNEFEUILLE ",304,1541737,"4368.07"
"MIDI-PYRENEES ","HAUTES-PYRENEES   ","65 440","TARBES",210,1398188,"3390.59"
"MIDI-PYRENEES ","LOT   ","46 042","CAHORS",151,1330521,"3594.05"
"MIDI-PYRENEES ","TARN  ","81 004","ALBI  ",312,1504915,"4291.95"
"MIDI-PYRENEES ","TARN  ","81 065","CASTRES   ",257,1498200,"4376.4"
"MIDI-PYRENEES ","TARN-ET-GARONNE   ","82 121","MONTAUBAN ",347,1731286,"5921.36"
"NORD-PAS-DE-CALAIS","NORD  ","59 017","ARMENTIERES   ",94,1670764,"6099.63"
"NORD-PAS-DE-CALAIS","NORD  ","59 122","CAMBRAI   ",256,1583678,"4259.27"
"NORD-PAS-DE-CALAIS","NORD  ","59 163","CROIX ",423,2781074,"15018.48"
"NORD-PAS-DE-CALAIS","NORD  ","59 178","DOUAI ",334,1511385,"3580.69"
"NORD-PAS-DE-CALAIS","NORD  ","59 183","DUNKERQUE ",461,1404703,"3491.73"
"NORD-PAS-DE-CALAIS","NORD  ","59 279","HALLUIN   ",91,1503509,"3783.25"
"NORD-PAS-DE-CALAIS","NORD  ","59 295","HAZEBROUCK",155,1521520,"4057.55"
"NORD-PAS-DE-CALAIS","NORD  ","59 368","LA MADELEINE  ",239,1732564,"5127.02"
"NORD-PAS-DE-CALAIS","NORD  ","59 328","LAMBERSART",412,1728337,"5622.81"
"NORD-PAS-DE-CALAIS","NORD  ","59 350","LILLE ",1525,1620315,"4860.29"
"NORD-PAS-DE-CALAIS","NORD  ","59 360","LOOS  ",59,1438006,"2971.49"
"NORD-PAS-DE-CALAIS","NORD  ","59 378","MARCQ-EN-BAROEUL  ",1217,2006438,"9340.91"
"NORD-PAS-DE-CALAIS","NORD  ","59 392","MAUBEUGE  ",97,1356264,"3582.44"
"NORD-PAS-DE-CALAIS","NORD  ","59 410","MONS-EN-BAROEUL   ",86,1702088,"5707.21"
"NORD-PAS-DE-CALAIS","NORD  ","59 512","ROUBAIX   ",286,1724840,"5507.79"
"NORD-PAS-DE-CALAIS","NORD  ","59 599","TOURCOING ",278,1393321,"3309.41"
"NORD-PAS-DE-CALAIS","NORD  ","59 606","VALENCIENNES  ",339,1485270,"3859.99"
"NORD-PAS-DE-CALAIS","NORD  ","59 009","VILLENEUVE-D'ASCQ ",575,1851093,"6044.69"
"NORD-PAS-DE-CALAIS","NORD  ","59 650","WATTRELOS ",54,1233531,"2127.63"
"NORD-PAS-DE-CALAIS","PAS-DE-CALAIS ","62 041","ARRAS ",315,1608794,"5054.83"
"NORD-PAS-DE-CALAIS","PAS-DE-CALAIS ","62 119","BETHUNE   ",201,1504948,"3906.85"
"NORD-PAS-DE-CALAIS","PAS-DE-CALAIS ","62 160","BOULOGNE-SUR-MER  ",167,1627421,"4517.12"
"NORD-PAS-DE-CALAIS","PAS-DE-CALAIS ","62 193","CALAIS",223,1516116,"4473.89"
"NORD-PAS-DE-CALAIS","PAS-DE-CALAIS ","62 427","HENIN-BEAUMONT",71,1513455,"4156.89"
"NORD-PAS-DE-CALAIS","PAS-DE-CALAIS ","62 498","LENS  ",120,1573661,"4662.82"
"PAYS DE LA LOIRE  ","LOIRE-ATLANTIQUE  ","44 109","NANTES",3764,1631933,"4909.08"
"PAYS DE LA LOIRE  ","LOIRE-ATLANTIQUE  ","44 114","ORVAULT   ",367,1496755,"4115.22"
"PAYS DE LA LOIRE  ","LOIRE-ATLANTIQUE  ","44 143","REZE  ",146,1368747,"2956.62"
"PAYS DE LA LOIRE  ","LOIRE-ATLANTIQUE  ","44 162","SAINT-HERBLAIN",188,1314938,"2750.11"
"PAYS DE LA LOIRE  ","LOIRE-ATLANTIQUE  ","44 184","SAINT-NAZAIRE ",340,1405057,"3749.79"
"PAYS DE LA LOIRE  ","LOIRE-ATLANTIQUE  ","44 190","SAINT-SEBASTIEN-SUR-LOIRE ",214,1490528,"4195.62"
"PAYS DE LA LOIRE  ","LOIRE-ATLANTIQUE  ","44 215","VERTOU",269,1630353,"4915.48"
"PAYS DE LA LOIRE  ","MAINE-ET-LOIRE","49 007","ANGERS",1212,1512104,"4280.43"
"PAYS DE LA LOIRE  ","MAINE-ET-LOIRE","49 099","CHOLET",411,1468363,"3694.5"
"PAYS DE LA LOIRE  ","MAINE-ET-LOIRE","49 328","SAUMUR",213,1400257,"3451.68"
"PAYS DE LA LOIRE  ","MAYENNE   ","53 130","LAVAL ",365,1639645,"5556.78"
"PAYS DE LA LOIRE  ","SARTHE","72 181","LE MANS   ",1002,1514851,"4313.49"
"PAYS DE LA LOIRE  ","VENDEE","85 191","LA ROCHE-SUR-YON  ",335,1501976,"3953.93"
"PICARDIE  ","AISNE ","02 408","LAON  ",130,1562554,"4166.16"
"PICARDIE  ","AISNE ","02 691","SAINT-QUENTIN ",294,1527742,"3886.95"
"PICARDIE  ","AISNE ","02 722","SOISSONS  ",265,1594456,4348
"PICARDIE  ","OISE  ","60 057","BEAUVAIS  ",319,1740937,"6166.33"
"PICARDIE  ","OISE  ","60 159","COMPIEGNE ",556,1713549,"6454.79"
"PICARDIE  ","SOMME ","80 001","ABBEVILLE ",150,1484334,"3878.79"
"PICARDIE  ","SOMME ","80 021","AMIENS",903,1538827,"4592.12"
"POITOU-CHARENTES  ","CHARENTE  ","16 015","ANGOULEME ",298,1541801,"4643.08"
"POITOU-CHARENTES  ","CHARENTE  ","16 102","COGNAC",144,1599549,"5020.59"
"POITOU-CHARENTES  ","CHARENTE-MARITIME ","17 300","LA ROCHELLE   ",1037,1553564,"4752.19"
"POITOU-CHARENTES  ","CHARENTE-MARITIME ","17 299","ROCHEFORT ",134,1358671,"3217.63"
"POITOU-CHARENTES  ","CHARENTE-MARITIME ","17 415","SAINTES   ",185,1378082,"3191.8"
"POITOU-CHARENTES  ","DEUX-SEVRES   ","79 191","NIORT ",443,1613135,"5526.9"
"POITOU-CHARENTES  ","VIENNE","86 066","CHATELLERAULT ",173,1438562,"3697.73"
"POITOU-CHARENTES  ","VIENNE","86 194","POITIERS  ",556,1678964,"7864.29"
"PROVENCE-ALPES-COTE D'AZUR","ALPES-DE-HAUTE-PROVENCE   ","04 112","MANOSQUE  ",251,1412309,"4251.31"
"PROVENCE-ALPES-COTE D'AZUR","ALPES-MARITIMES   ","06 004","ANTIBES   ",1692,1589009,"4851.69"
"PROVENCE-ALPES-COTE D'AZUR","ALPES-MARITIMES   ","06 027","CAGNES-SUR-MER",677,1452266,"4046.44"
"PROVENCE-ALPES-COTE D'AZUR","ALPES-MARITIMES   ","06 029","CANNES",2339,1894061,"7586.32"
"PROVENCE-ALPES-COTE D'AZUR","ALPES-MARITIMES   ","06 069","GRASSE",589,1515258,"4561.05"
"PROVENCE-ALPES-COTE D'AZUR","ALPES-MARITIMES   ","06 030","LE CANNET ",665,1748605,"6199.92"
"PROVENCE-ALPES-COTE D'AZUR","ALPES-MARITIMES   ","06 079","MANDELIEU-LA-NAPOULE  ",623,1553866,"4899.47"
"PROVENCE-ALPES-COTE D'AZUR","ALPES-MARITIMES   ","06 083","MENTON",411,1456970,"4134.39"
"PROVENCE-ALPES-COTE D'AZUR","ALPES-MARITIMES   ","06 900","MONACO",443,2365518,"12655.13"
"PROVENCE-ALPES-COTE D'AZUR","ALPES-MARITIMES   ","06 088","NICE  ",5111,1559694,"4836.85"
"PROVENCE-ALPES-COTE D'AZUR","ALPES-MARITIMES   ","06 123","SAINT-LAURENT-DU-VAR  ",349,1460354,"4032.24"
"PROVENCE-ALPES-COTE D'AZUR","ALPES-MARITIMES   ","06 155","VALLAURIS ",532,1547022,"4283.46"
"PROVENCE-ALPES-COTE D'AZUR","BOUCHES-DU-RHONE  ","13 001","AIX-EN-PROVENCE   ",2935,1639950,"5228.25"
"PROVENCE-ALPES-COTE D'AZUR","BOUCHES-DU-RHONE  ","13 004","ARLES ",324,1530956,"4047.79"
"PROVENCE-ALPES-COTE D'AZUR","BOUCHES-DU-RHONE  ","13 005","AUBAGNE   ",378,1560902,"4881.75"
"PROVENCE-ALPES-COTE D'AZUR","BOUCHES-DU-RHONE  ","13 041","GARDANNE  ",97,1332167,"2987.32"
"PROVENCE-ALPES-COTE D'AZUR","BOUCHES-DU-RHONE  ","13 047","ISTRES",129,1392944,"2532.02"
"PROVENCE-ALPES-COTE D'AZUR","BOUCHES-DU-RHONE  ","13 028","LA CIOTAT ",430,1458158,"3812.1"
"PROVENCE-ALPES-COTE D'AZUR","BOUCHES-DU-RHONE  ","13 071","LES PENNES-MIRABEAU   ",123,1371356,"3110.48"
"PROVENCE-ALPES-COTE D'AZUR","BOUCHES-DU-RHONE  ","13 054","MARIGNANE ",130,1434660,"3136.45"
"PROVENCE-ALPES-COTE D'AZUR","BOUCHES-DU-RHONE  ","13 055","MARSEILLE ",6247,1673436,"5584.62"
"PROVENCE-ALPES-COTE D'AZUR","BOUCHES-DU-RHONE  ","13 056","MARTIGUES ",209,1327865,"3265.66"
"PROVENCE-ALPES-COTE D'AZUR","BOUCHES-DU-RHONE  ","13 103","SALON-DE-PROVENCE ",292,1440483,"3370.43"
"PROVENCE-ALPES-COTE D'AZUR","BOUCHES-DU-RHONE  ","13 117","VITROLLES ",71,1383542,"4521.76"
"PROVENCE-ALPES-COTE D'AZUR","HAUTES-ALPES  ","05 061","GAP   ",370,1483097,"3542.24"
"PROVENCE-ALPES-COTE D'AZUR","VAR   ","83 050","DRAGUIGNAN",429,1409810,"3538.74"
"PROVENCE-ALPES-COTE D'AZUR","VAR   ","83 061","FREJUS",712,1454753,"3779.51"
"PROVENCE-ALPES-COTE D'AZUR","VAR   ","83 069","HYERES",1072,1412454,"3586.06"
"PROVENCE-ALPES-COTE D'AZUR","VAR   ","83 062","LA GARDE  ",197,1535958,"3660.75"
"PROVENCE-ALPES-COTE D'AZUR","VAR   ","83 126","LA SEYNE-SUR-MER  ",302,1316152,"2955.61"
"PROVENCE-ALPES-COTE D'AZUR","VAR   ","83 144","LA VALETTE-DU-VAR ",173,1385038,"3418.17"
"PROVENCE-ALPES-COTE D'AZUR","VAR   ","83 118","SAINT-RAPHAEL ",1344,1515535,"4243.62"
"PROVENCE-ALPES-COTE D'AZUR","VAR   ","83 129","SIX-FOURS-LES-PLAGES  ",522,1380090,"3139.98"
"PROVENCE-ALPES-COTE D'AZUR","VAR   ","83 137","TOULON",1339,1425245,"4086.43"
"PROVENCE-ALPES-COTE D'AZUR","VAUCLUSE  ","84 007","AVIGNON   ",577,1618573,"4929.09"
"PROVENCE-ALPES-COTE D'AZUR","VAUCLUSE  ","84 031","CARPENTRAS",224,1569304,"4570.45"
"PROVENCE-ALPES-COTE D'AZUR","VAUCLUSE  ","84 035","CAVAILLON ",189,1420799,"3477.96"
"PROVENCE-ALPES-COTE D'AZUR","VAUCLUSE  ","84 087","ORANGE",182,1395366,"2991.24"
"RHONE-ALPES   ","AIN   ","01 053","BOURG-EN-BRESSE   ",305,1463866,"4037.33"
"RHONE-ALPES   ","AIN   ","01 283","OYONNAX   ",166,1965518,"8644.07"
"RHONE-ALPES   ","DROME ","26 198","MONTELIMAR",268,1520840,"3715.5"
"RHONE-ALPES   ","DROME ","26 281","ROMANS-SUR-ISERE  ",193,1455326,"3244.3"
"RHONE-ALPES   ","DROME ","26 362","VALENCE   ",493,1631920,"5552.83"
"RHONE-ALPES   ","HAUTE-SAVOIE  ","74 010","ANNECY",898,1499041,"4759.88"
"RHONE-ALPES   ","HAUTE-SAVOIE  ","74 011","ANNECY-LE-VIEUX   ",660,1493505,"3819.61"
"RHONE-ALPES   ","HAUTE-SAVOIE  ","74 012","ANNEMASSE ",223,1324337,"2781.33"
"RHONE-ALPES   ","HAUTE-SAVOIE  ","74 281","THONON-LES-BAINS  ",404,1787068,"7280.99"
"RHONE-ALPES   ","ISERE ","38 053","BOURGOIN-JALLIEU  ",152,1569239,"4757.06"
"RHONE-ALPES   ","ISERE ","38 151","ECHIROLLES",113,1215636,"2306.78"
"RHONE-ALPES   ","ISERE ","38 185","GRENOBLE  ",1425,1541696,"4690.46"
"RHONE-ALPES   ","ISERE ","38 421","SAINT-MARTIN-D'HERES  ",87,1425506,"3610.45"
"RHONE-ALPES   ","ISERE ","38 544","VIENNE",240,1453635,"3606.13"
"RHONE-ALPES   ","ISERE ","38 563","VOIRON",198,1533862,"4188.55"
"RHONE-ALPES   ","LOIRE ","42 187","ROANNE",178,1526408,"3957.96"
"RHONE-ALPES   ","LOIRE ","42 207","SAINT-CHAMOND ",151,1570336,"5969.09"
"RHONE-ALPES   ","LOIRE ","42 218","SAINT-ETIENNE ",964,1615587,"5013.67"
"RHONE-ALPES   ","RHONE ","69 029","BRON  ",329,1434552,"3179.2"
"RHONE-ALPES   ","RHONE ","69 034","CALUIRE-ET-CUIRE  ",920,1656393,"4928.08"
"RHONE-ALPES   ","RHONE ","69 275","DECINES-CHARPIEU  ",97,1336988,"3316.82"
"RHONE-ALPES   ","RHONE ","69 123","LYON  ",6936,1685208,"5377.18"
"RHONE-ALPES   ","RHONE ","69 282","MEYZIEU   ",159,1652906,"5280.24"
"RHONE-ALPES   ","RHONE ","69 149","OULLINS   ",129,1404637,"3490.46"
"RHONE-ALPES   ","RHONE ","69 286","RILLIEUX-LA-PAPE  ",168,1584882,"3896.04"
"RHONE-ALPES   ","RHONE ","69 204","SAINT-GENIS-LAVAL ",296,1480885,"3891.29"
"RHONE-ALPES   ","RHONE ","69 290","SAINT-PRIEST  ",142,1582238,"5362.82"
"RHONE-ALPES   ","RHONE ","69 202","SAINTE-FOY-LES-LYON   ",627,1704375,"6419.94"
"RHONE-ALPES   ","RHONE ","69 259","VENISSIEUX",67,1545584,"4413.04"
"RHONE-ALPES   ","RHONE ","69 264","VILLEFRANCHE-SUR-SAONE",196,1563965,"4569.91"
"RHONE-ALPES   ","RHONE ","69 266","VILLEURBANNE  ",519,1398366,"3307.57"
"RHONE-ALPES   ","SAVOIE","73 008","AIX-LES-BAINS ",395,1340078,"3078.37"
"RHONE-ALPES   ","SAVOIE","73 065","CHAMBERY  ",691,1508811,"4409.66"
